Date,Temperature
1/1/15 0:00,47.22
1/1/15 1:00,47.07
1/1/15 2:00,45.97
1/1/15 3:00,47.59
1/1/15 4:00,48.41
1/1/15 5:00,47.61
1/1/15 6:00,48.01
1/1/15 7:00,46.71
1/1/15 8:00,45.08
1/1/15 9:00,44.89
1/1/15 10:00,44.56
1/1/15 11:00,45.71
1/1/15 12:00,49
1/1/15 13:00,50.12
1/1/15 14:00,51.89
1/1/15 15:00,52.89
1/1/15 16:00,54.49
1/1/15 17:00,54.26
1/1/15 18:00,54.49
1/1/15 19:00,53.97
1/1/15 20:00,51.16
1/1/15 21:00,49.93
1/1/15 22:00,49.33
1/1/15 23:00,48.56
1/2/15 0:00,47.52
1/2/15 1:00,46.56
1/2/15 2:00,45.15
1/2/15 3:00,44.4
1/2/15 4:00,43.97
1/2/15 5:00,42.14
1/2/15 6:00,42.15
1/2/15 7:00,41.08
1/2/15 8:00,41.22
1/2/15 9:00,40.88
1/2/15 10:00,39.88
1/2/15 11:00,42
1/2/15 12:00,45.38
1/2/15 13:00,46.75
1/2/15 14:00,46.85
1/2/15 15:00,47.6
1/2/15 16:00,48.48
1/2/15 17:00,49.82
1/2/15 18:00,51.2
1/2/15 19:00,51.45
1/2/15 20:00,51.08
1/2/15 21:00,49.49
1/2/15 22:00,48.89
1/2/15 23:00,47.89
1/3/15 0:00,46.93
1/3/15 1:00,45
1/3/15 2:00,44.1
1/3/15 3:00,43.67
1/3/15 4:00,42.59
1/3/15 5:00,42.74
1/3/15 6:00,41.74
1/3/15 7:00,41.57
1/3/15 8:00,40.82
1/3/15 9:00,40.59
1/3/15 10:00,39.37
1/3/15 11:00,41.22
1/3/15 12:00,44.75
1/3/15 13:00,46.08
1/3/15 14:00,47.34
1/3/15 15:00,48.97
1/3/15 16:00,50.12
1/3/15 17:00,51.64
1/3/15 18:00,52.46
1/3/15 19:00,52.2
1/3/15 20:00,51.75
1/3/15 21:00,50.41
1/3/15 22:00,50.19
1/3/15 23:00,49.04
1/4/15 0:00,48.14
1/4/15 1:00,46.4
1/4/15 2:00,46.33
1/4/15 3:00,45.37
1/4/15 4:00,44.13
1/4/15 5:00,43.88
1/4/15 6:00,44.77
1/4/15 7:00,43.4
1/4/15 8:00,44
1/4/15 9:00,44.33
1/4/15 10:00,44.33
1/4/15 11:00,44.93
1/4/15 12:00,46.18
1/4/15 13:00,48.48
1/4/15 14:00,49.77
1/4/15 15:00,50.85
1/4/15 16:00,51.6
1/4/15 17:00,52.82
1/4/15 18:00,54.34
1/4/15 19:00,55.55
1/4/15 20:00,53.41
1/4/15 21:00,52.03
1/4/15 22:00,51.15
1/4/15 23:00,49.74
1/5/15 0:00,48.85
1/5/15 1:00,48.32
1/5/15 2:00,48.33
1/5/15 3:00,47.81
1/5/15 4:00,47.6
1/5/15 5:00,46.67
1/5/15 6:00,47.16
1/5/15 7:00,46.78
1/5/15 8:00,46.3
1/5/15 9:00,45.7
1/5/15 10:00,45.48
1/5/15 11:00,45.34
1/5/15 12:00,49.33
1/5/15 13:00,51.7
1/5/15 14:00,52.74
1/5/15 15:00,54
1/5/15 16:00,56.05
1/5/15 17:00,55.99
1/5/15 18:00,56.76
1/5/15 19:00,56.8
1/5/15 20:00,55.33
1/5/15 21:00,54.18
1/5/15 22:00,53.78
1/5/15 23:00,52.56
1/6/15 0:00,52.19
1/6/15 1:00,51.81
1/6/15 2:00,51.44
1/6/15 3:00,50.24
1/6/15 4:00,49.55
1/6/15 5:00,48.85
1/6/15 6:00,47.96
1/6/15 7:00,48.59
1/6/15 8:00,46.47
1/6/15 9:00,47.43
1/6/15 10:00,47.72
1/6/15 11:00,49.45
1/6/15 12:00,50.24
1/6/15 13:00,52.48
1/6/15 14:00,54
1/6/15 15:00,54.85
1/6/15 16:00,56.88
1/6/15 17:00,57.63
1/6/15 18:00,58.65
1/6/15 19:00,58.17
1/6/15 20:00,57.14
1/6/15 21:00,56.45
1/6/15 22:00,55.16
1/6/15 23:00,54.43
1/7/15 0:00,53.96
1/7/15 1:00,52.23
1/7/15 2:00,51.75
1/7/15 3:00,51
1/7/15 4:00,49.33
1/7/15 5:00,49.55
1/7/15 6:00,49.52
1/7/15 7:00,47.58
1/7/15 8:00,48.33
1/7/15 9:00,47.3
1/7/15 10:00,48.51
1/7/15 11:00,48.33
1/7/15 12:00,50.84
1/7/15 13:00,52.99
1/7/15 14:00,54.99
1/7/15 15:00,56.58
1/7/15 16:00,58.46
1/7/15 17:00,59.29
1/7/15 18:00,62.61
1/7/15 19:00,63.57
1/7/15 20:00,62.57
1/7/15 21:00,58.01
1/7/15 22:00,57.3
1/7/15 23:00,55.53
1/8/15 0:00,55.3
1/8/15 1:00,53.44
1/8/15 2:00,52.76
1/8/15 3:00,51.65
1/8/15 4:00,51.11
1/8/15 5:00,49.85
1/8/15 6:00,50.52
1/8/15 7:00,50.26
1/8/15 8:00,49.14
1/8/15 9:00,48.37
1/8/15 10:00,49.1
1/8/15 11:00,50.26
1/8/15 12:00,52.71
1/8/15 13:00,55.01
1/8/15 14:00,55.83
1/8/15 15:00,55.79
1/8/15 16:00,56.72
1/8/15 17:00,57.49
1/8/15 18:00,58.38
1/8/15 19:00,58.17
1/8/15 20:00,57.25
1/8/15 21:00,54.55
1/8/15 22:00,54.18
1/8/15 23:00,54.78
1/9/15 0:00,54.3
1/9/15 1:00,53.81
1/9/15 2:00,52.93
1/9/15 3:00,52.26
1/9/15 4:00,52.19
1/9/15 5:00,51.29
1/9/15 6:00,51.41
1/9/15 7:00,51.56
1/9/15 8:00,51.41
1/9/15 9:00,52.08
1/9/15 10:00,52.08
1/9/15 11:00,51.41
1/9/15 12:00,52.45
1/9/15 13:00,53.49
1/9/15 14:00,54.34
1/9/15 15:00,56.39
1/9/15 16:00,58.38
1/9/15 17:00,58.58
1/9/15 18:00,59.5
1/9/15 19:00,60.35
1/9/15 20:00,59.08
1/9/15 21:00,56.85
1/9/15 22:00,56.1
1/9/15 23:00,55.08
1/10/15 0:00,54.3
1/10/15 1:00,53.78
1/10/15 2:00,53.18
1/10/15 3:00,52.71
1/10/15 4:00,52.93
1/10/15 5:00,52.41
1/10/15 6:00,52.33
1/10/15 7:00,51.16
1/10/15 8:00,51.41
1/10/15 9:00,52.71
1/10/15 10:00,52.08
1/10/15 11:00,52.22
1/10/15 12:00,53.23
1/10/15 13:00,53.12
1/10/15 14:00,54.01
1/10/15 15:00,53.86
1/10/15 16:00,53.75
1/10/15 17:00,55.49
1/10/15 18:00,58.51
1/10/15 19:00,58.28
1/10/15 20:00,56.79
1/10/15 21:00,55.45
1/10/15 22:00,54.71
1/10/15 23:00,54.56
1/11/15 0:00,53.41
1/11/15 1:00,52.74
1/11/15 2:00,52.41
1/11/15 3:00,52.93
1/11/15 4:00,50.77
1/11/15 5:00,50.18
1/11/15 6:00,49.56
1/11/15 7:00,49.41
1/11/15 8:00,49.41
1/11/15 9:00,49.04
1/11/15 10:00,50.04
1/11/15 11:00,49.71
1/11/15 12:00,50.22
1/11/15 13:00,50.37
1/11/15 14:00,50.25
1/11/15 15:00,52.52
1/11/15 16:00,53.29
1/11/15 17:00,54.64
1/11/15 18:00,55.72
1/11/15 19:00,55.3
1/11/15 20:00,54.85
1/11/15 21:00,54.11
1/11/15 22:00,53.48
1/11/15 23:00,52.56
1/12/15 0:00,52.33
1/12/15 1:00,51.33
1/12/15 2:00,51.48
1/12/15 3:00,50.71
1/12/15 4:00,49.89
1/12/15 5:00,49.49
1/12/15 6:00,48.29
1/12/15 7:00,48.26
1/12/15 8:00,48.12
1/12/15 9:00,48.18
1/12/15 10:00,48.26
1/12/15 11:00,48.89
1/12/15 12:00,50.08
1/12/15 13:00,50.85
1/12/15 14:00,51.14
1/12/15 15:00,50.88
1/12/15 16:00,51.8
1/12/15 17:00,54.4
1/12/15 18:00,56.89
1/12/15 19:00,57.99
1/12/15 20:00,56.74
1/12/15 21:00,55.71
1/12/15 22:00,54.96
1/12/15 23:00,54.04
1/13/15 0:00,53.18
1/13/15 1:00,52.44
1/13/15 2:00,52.41
1/13/15 3:00,52.41
1/13/15 4:00,50.48
1/13/15 5:00,50.52
1/13/15 6:00,49.44
1/13/15 7:00,48.26
1/13/15 8:00,48.56
1/13/15 9:00,47.44
1/13/15 10:00,45.81
1/13/15 11:00,46.7
1/13/15 12:00,48.7
1/13/15 13:00,48.33
1/13/15 14:00,49.62
1/13/15 15:00,54.14
1/13/15 16:00,58.72
1/13/15 17:00,59.26
1/13/15 18:00,61.85
1/13/15 19:00,61.52
1/13/15 20:00,59.97
1/13/15 21:00,58.22
1/13/15 22:00,57.08
1/13/15 23:00,54.26
1/14/15 0:00,54.93
1/14/15 1:00,54.45
1/14/15 2:00,51.89
1/14/15 3:00,51
1/14/15 4:00,51.19
1/14/15 5:00,51.15
1/14/15 6:00,50.26
1/14/15 7:00,48.04
1/14/15 8:00,48.26
1/14/15 9:00,47.95
1/14/15 10:00,48.82
1/14/15 11:00,39
1/14/15 12:00,49
1/14/15 13:00,53.14
1/14/15 14:00,53.59
1/14/15 15:00,54.93
1/14/15 16:00,55.37
1/14/15 17:00,56.86
1/14/15 18:00,58.61
1/14/15 19:00,58.34
1/14/15 20:00,57.94
1/14/15 21:00,55.82
1/14/15 22:00,54.7
1/14/15 23:00,53.41
1/15/15 0:00,52.74
1/15/15 1:00,52.56
1/15/15 2:00,52.11
1/15/15 3:00,50.67
1/15/15 4:00,51.04
1/15/15 5:00,49.77
1/15/15 6:00,49.67
1/15/15 7:00,49.52
1/15/15 8:00,48.32
1/15/15 9:00,47.8
1/15/15 10:00,48.25
1/15/15 11:00,48.14
1/15/15 12:00,49.95
1/15/15 13:00,50.77
1/15/15 14:00,51.85
1/15/15 15:00,53.03
1/15/15 16:00,53.65
1/15/15 17:00,56.57
1/15/15 18:00,57.61
1/15/15 19:00,56.34
1/15/15 20:00,55.26
1/15/15 21:00,54.45
1/15/15 22:00,54.6
1/15/15 23:00,54.22
1/16/15 0:00,53.85
1/16/15 1:00,54.22
1/16/15 2:00,52.85
1/16/15 3:00,52.48
1/16/15 4:00,51.29
1/16/15 5:00,50.77
1/16/15 6:00,50.14
1/16/15 7:00,49.44
1/16/15 8:00,48.78
1/16/15 9:00,47
1/16/15 10:00,49.63
1/16/15 11:00,51.08
1/16/15 12:00,52.22
1/16/15 13:00,53.37
1/16/15 14:00,54.4
1/16/15 15:00,55.21
1/16/15 16:00,55.29
1/16/15 17:00,55.63
1/16/15 18:00,56.86
1/16/15 19:00,56.2
1/16/15 20:00,55.6
1/16/15 21:00,55.75
1/16/15 22:00,55.52
1/16/15 23:00,54.6
1/17/15 0:00,53.6
1/17/15 1:00,54.08
1/17/15 2:00,53.56
1/17/15 3:00,53.71
1/17/15 4:00,52.71
1/17/15 5:00,52.73
1/17/15 6:00,52.71
1/17/15 7:00,52.71
1/17/15 8:00,51.85
1/17/15 9:00,51.08
1/17/15 10:00,50.71
1/17/15 11:00,51.89
1/17/15 12:00,54.11
1/17/15 13:00,54.18
1/17/15 14:00,54.29
1/17/15 15:00,54.52
1/17/15 16:00,55.22
1/17/15 17:00,56.26
1/17/15 18:00,57.91
1/17/15 19:00,56.86
1/17/15 20:00,55.86
1/17/15 21:00,55.6
1/17/15 22:00,55.12
1/17/15 23:00,54.71
1/18/15 0:00,54.22
1/18/15 1:00,53.93
1/18/15 2:00,54.37
1/18/15 3:00,54.6
1/18/15 4:00,54.22
1/18/15 5:00,54.3
1/18/15 6:00,54.22
1/18/15 7:00,53.85
1/18/15 8:00,53.18
1/18/15 9:00,53.3
1/18/15 10:00,53.56
1/18/15 11:00,53.45
1/18/15 12:00,53.15
1/18/15 13:00,53.15
1/18/15 14:00,53.75
1/18/15 15:00,54.34
1/18/15 16:00,55.86
1/18/15 17:00,57.69
1/18/15 18:00,60.43
1/18/15 19:00,61.65
1/18/15 20:00,59.68
1/18/15 21:00,59.31
1/18/15 22:00,58.82
1/18/15 23:00,57.82
1/19/15 0:00,57.2
1/19/15 1:00,56.16
1/19/15 2:00,56.22
1/19/15 3:00,55.85
1/19/15 4:00,55.63
1/19/15 5:00,55.6
1/19/15 6:00,55.89
1/19/15 7:00,55.37
1/19/15 8:00,55.12
1/19/15 9:00,54.37
1/19/15 10:00,54.71
1/19/15 11:00,55.22
1/19/15 12:00,56.85
1/19/15 13:00,56.03
1/19/15 14:00,57.38
1/19/15 15:00,58.9
1/19/15 16:00,60.05
1/19/15 17:00,58.98
1/19/15 18:00,58.69
1/19/15 19:00,58.94
1/19/15 20:00,57.82
1/19/15 21:00,56.67
1/19/15 22:00,55.93
1/19/15 23:00,54.93
1/20/15 0:00,54.04
1/20/15 1:00,53.14
1/20/15 2:00,52.74
1/20/15 3:00,53.26
1/20/15 4:00,51.62
1/20/15 5:00,52.12
1/20/15 6:00,50.89
1/20/15 7:00,50.85
1/20/15 8:00,50.33
1/20/15 9:00,50.11
1/20/15 10:00,49.33
1/20/15 11:00,49.74
1/20/15 12:00,49.4
1/20/15 13:00,49.15
1/20/15 14:00,51.08
1/20/15 15:00,53.17
1/20/15 16:00,54.69
1/20/15 17:00,57.51
1/20/15 18:00,57.65
1/20/15 19:00,57.26
1/20/15 20:00,57.26
1/20/15 21:00,55.3
1/20/15 22:00,54.71
1/20/15 23:00,54.04
1/21/15 0:00,53.56
1/21/15 1:00,52.29
1/21/15 2:00,51.14
1/21/15 3:00,50.26
1/21/15 4:00,50
1/21/15 5:00,49.74
1/21/15 6:00,49.14
1/21/15 7:00,49.08
1/21/15 8:00,48.66
1/21/15 9:00,48.89
1/21/15 10:00,49.49
1/21/15 11:00,50.29
1/21/15 12:00,52.53
1/21/15 13:00,53.38
1/21/15 14:00,53.97
1/21/15 15:00,54.64
1/21/15 16:00,55.26
1/21/15 17:00,56.18
1/21/15 18:00,58.86
1/21/15 19:00,59.09
1/21/15 20:00,58.71
1/21/15 21:00,57.42
1/21/15 22:00,55.38
1/21/15 23:00,54.63
1/22/15 0:00,53.67
1/22/15 1:00,52.41
1/22/15 2:00,52.04
1/22/15 3:00,50.97
1/22/15 4:00,49.66
1/22/15 5:00,49.62
1/22/15 6:00,48.12
1/22/15 7:00,48
1/22/15 8:00,49.03
1/22/15 9:00,49.07
1/22/15 10:00,48.18
1/22/15 11:00,48.33
1/22/15 12:00,48.85
1/22/15 13:00,51.18
1/22/15 14:00,52.15
1/22/15 15:00,53.44
1/22/15 16:00,54.3
1/22/15 17:00,54.84
1/22/15 18:00,56.6
1/22/15 19:00,55.77
1/22/15 20:00,56.37
1/22/15 21:00,54.56
1/22/15 22:00,54.04
1/22/15 23:00,53.18
1/23/15 0:00,52.71
1/23/15 1:00,51.89
1/23/15 2:00,51.04
1/23/15 3:00,50.67
1/23/15 4:00,49.78
1/23/15 5:00,49.74
1/23/15 6:00,48.74
1/23/15 7:00,48.08
1/23/15 8:00,47.14
1/23/15 9:00,47.97
1/23/15 10:00,47.29
1/23/15 11:00,47
1/23/15 12:00,50.88
1/23/15 13:00,51.82
1/23/15 14:00,52.86
1/23/15 15:00,55.61
1/23/15 16:00,58.21
1/23/15 17:00,60.33
1/23/15 18:00,62.35
1/23/15 19:00,62.01
1/23/15 20:00,60.8
1/23/15 21:00,58.39
1/23/15 22:00,56.6
1/23/15 23:00,56.01
1/24/15 0:00,55.67
1/24/15 1:00,54.45
1/24/15 2:00,53.56
1/24/15 3:00,52.37
1/24/15 4:00,53.7
1/24/15 5:00,53.56
1/24/15 6:00,53.4
1/24/15 7:00,53.59
1/24/15 8:00,52.85
1/24/15 9:00,51.85
1/24/15 10:00,51.21
1/24/15 11:00,51.63
1/24/15 12:00,54.19
1/24/15 13:00,56.38
1/24/15 14:00,57.64
1/24/15 15:00,58.53
1/24/15 16:00,60.53
1/24/15 17:00,60.28
1/24/15 18:00,60.53
1/24/15 19:00,58.98
1/24/15 20:00,58.09
1/24/15 21:00,56.82
1/24/15 22:00,56.2
1/24/15 23:00,54.45
1/25/15 0:00,54.19
1/25/15 1:00,53.08
1/25/15 2:00,52.71
1/25/15 3:00,52.56
1/25/15 4:00,51.01
1/25/15 5:00,50.78
1/25/15 6:00,45
1/25/15 7:00,49.04
1/25/15 8:00,47.52
1/25/15 9:00,47.04
1/25/15 10:00,46.89
1/25/15 11:00,47.86
1/25/15 12:00,50.02
1/25/15 13:00,50.12
1/25/15 14:00,51.75
1/25/15 15:00,52.63
1/25/15 16:00,54.74
1/25/15 17:00,56.46
1/25/15 18:00,57.71
1/25/15 19:00,58.37
1/25/15 20:00,59
1/25/15 21:00,56.53
1/25/15 22:00,56.26
1/25/15 23:00,54.86
1/26/15 0:00,54.12
1/26/15 1:00,52.89
1/26/15 2:00,51.59
1/26/15 3:00,51.08
1/26/15 4:00,50.22
1/26/15 5:00,50.7
1/26/15 6:00,50.22
1/26/15 7:00,49.78
1/26/15 8:00,50.74
1/26/15 9:00,49.89
1/26/15 10:00,49.37
1/26/15 11:00,49.67
1/26/15 12:00,51.82
1/26/15 13:00,53.23
1/26/15 14:00,55.08
1/26/15 15:00,57.71
1/26/15 16:00,58.75
1/26/15 17:00,60.03
1/26/15 18:00,60.06
1/26/15 19:00,59.07
1/26/15 20:00,59.49
1/26/15 21:00,58.49
1/26/15 22:00,58.05
1/26/15 23:00,57.2
1/27/15 0:00,56.45
1/27/15 1:00,56.16
1/27/15 2:00,55.71
1/27/15 3:00,55.45
1/27/15 4:00,55.71
1/27/15 5:00,55.82
1/27/15 6:00,57.05
1/27/15 7:00,57.3
1/27/15 8:00,58.23
1/27/15 9:00,58.09
1/27/15 10:00,58.44
1/27/15 11:00,58.84
1/27/15 12:00,60.33
1/27/15 13:00,60.61
1/27/15 14:00,62.87
1/27/15 15:00,62.36
1/27/15 16:00,61.32
1/27/15 17:00,63.24
1/27/15 18:00,64.75
1/27/15 19:00,63.52
1/27/15 20:00,61.61
1/27/15 21:00,59.24
1/27/15 22:00,58.67
1/27/15 23:00,58.53
1/28/15 0:00,57.3
1/28/15 1:00,56.23
1/28/15 2:00,54.56
1/28/15 3:00,53.19
1/28/15 4:00,53.15
1/28/15 5:00,53.12
1/28/15 6:00,52.08
1/28/15 7:00,51.17
1/28/15 8:00,50.77
1/28/15 9:00,50.48
1/28/15 10:00,50.77
1/28/15 11:00,51.67
1/28/15 12:00,54.37
1/28/15 13:00,55.04
1/28/15 14:00,56.04
1/28/15 15:00,57.55
1/28/15 16:00,59.25
1/28/15 17:00,59.82
1/28/15 18:00,60.95
1/28/15 19:00,61.52
1/28/15 20:00,60.74
1/28/15 21:00,58
1/28/15 22:00,57.67
1/28/15 23:00,56.45
1/29/15 0:00,56.08
1/29/15 1:00,55.08
1/29/15 2:00,54.12
1/29/15 3:00,53.12
1/29/15 4:00,52.26
1/29/15 5:00,51.81
1/29/15 6:00,51.14
1/29/15 7:00,51.22
1/29/15 8:00,50.62
1/29/15 9:00,51.22
1/29/15 10:00,49.96
1/29/15 11:00,50.37
1/29/15 12:00,53.39
1/29/15 13:00,54.12
1/29/15 14:00,55.34
1/29/15 15:00,57.09
1/29/15 16:00,58.57
1/29/15 17:00,61.71
1/29/15 18:00,62.83
1/29/15 19:00,62.12
1/29/15 20:00,60.89
1/29/15 21:00,59.08
1/29/15 22:00,58.08
1/29/15 23:00,56.56
1/30/15 0:00,56.08
1/30/15 1:00,54.64
1/30/15 2:00,54.56
1/30/15 3:00,54.33
1/30/15 4:00,53.19
1/30/15 5:00,52.37
1/30/15 6:00,51.57
1/30/15 7:00,51.44
1/30/15 8:00,51.96
1/30/15 9:00,52.63
1/30/15 10:00,52
1/30/15 11:00,52
1/30/15 12:00,52.6
1/30/15 13:00,52.92
1/30/15 14:00,53.52
1/30/15 15:00,53.8
1/30/15 16:00,56.07
1/30/15 17:00,58.97
1/30/15 18:00,60.83
1/30/15 19:00,60.75
1/30/15 20:00,58.89
1/30/15 21:00,57.22
1/30/15 22:00,56.71
1/30/15 23:00,55.85
1/31/15 0:00,55.11
1/31/15 1:00,54.12
1/31/15 2:00,53.14
1/31/15 3:00,52.77
1/31/15 4:00,52
1/31/15 5:00,51.12
1/31/15 6:00,51.64
1/31/15 7:00,50.29
1/31/15 8:00,59.04
1/31/15 9:00,60.62
1/31/15 10:00,60.16
1/31/15 11:00,59.71
1/31/15 12:00,63.88
1/31/15 13:00,64.52
1/31/15 14:00,64.95
1/31/15 15:00,66.08
1/31/15 16:00,67.36
1/31/15 17:00,68.93
1/31/15 18:00,69.7
1/31/15 19:00,71.47
1/31/15 20:00,67.06
1/31/15 21:00,64.47
1/31/15 22:00,60.57
1/31/15 23:00,58.6
2/1/15 0:00,57.01
2/1/15 1:00,55.34
2/1/15 2:00,54.74
2/1/15 3:00,54.26
2/1/15 4:00,52.49
2/1/15 5:00,53.18
2/1/15 6:00,50.9
2/1/15 7:00,51.4
2/1/15 8:00,50.58
2/1/15 9:00,50.65
2/1/15 10:00,50.33
2/1/15 11:00,51.22
2/1/15 12:00,53.19
2/1/15 13:00,54.78
2/1/15 14:00,55.29
2/1/15 15:00,56.23
2/1/15 16:00,59.86
2/1/15 17:00,61.9
2/1/15 18:00,61.26
2/1/15 19:00,62.59
2/1/15 20:00,61.16
2/1/15 21:00,59.93
2/1/15 22:00,58.82
2/1/15 23:00,58.08
2/2/15 0:00,56.49
2/2/15 1:00,56.18
2/2/15 2:00,54.86
2/2/15 3:00,54.56
2/2/15 4:00,53.52
2/2/15 5:00,53.08
2/2/15 6:00,52.12
2/2/15 7:00,52.15
2/2/15 8:00,51.67
2/2/15 9:00,50.62
2/2/15 10:00,49.85
2/2/15 11:00,52.19
2/2/15 12:00,54.34
2/2/15 13:00,55.31
2/2/15 14:00,56.86
2/2/15 15:00,58.91
2/2/15 16:00,59.83
2/2/15 17:00,61.16
2/2/15 18:00,63.63
2/2/15 19:00,62.83
2/2/15 20:00,62.58
2/2/15 21:00,61.16
2/2/15 22:00,60.42
2/2/15 23:00,59.34
2/3/15 0:00,58.63
2/3/15 1:00,57.67
2/3/15 2:00,56.93
2/3/15 3:00,57.56
2/3/15 4:00,56.12
2/3/15 5:00,56.41
2/3/15 6:00,55.04
2/3/15 7:00,54.52
2/3/15 8:00,54.52
2/3/15 9:00,54.29
2/3/15 10:00,54.29
2/3/15 11:00,54.73
2/3/15 12:00,55.71
2/3/15 13:00,57
2/3/15 14:00,58.38
2/3/15 15:00,60.29
2/3/15 16:00,61.81
2/3/15 17:00,63.44
2/3/15 18:00,64.22
2/3/15 19:00,64.62
2/3/15 20:00,62.83
2/3/15 21:00,61.71
2/3/15 22:00,60.74
2/3/15 23:00,60.22
2/4/15 0:00,58.71
2/4/15 1:00,57.01
2/4/15 2:00,57.71
2/4/15 3:00,56.26
2/4/15 4:00,55.96
2/4/15 5:00,55
2/4/15 6:00,54.25
2/4/15 7:00,54.22
2/4/15 8:00,53.93
2/4/15 9:00,54.06
2/4/15 10:00,53.73
2/4/15 11:00,53.06
2/4/15 12:00,54.56
2/4/15 13:00,56.35
2/4/15 14:00,57.04
2/4/15 15:00,57.86
2/4/15 16:00,59.24
2/4/15 17:00,59.41
2/4/15 18:00,59.04
2/4/15 19:00,58.52
2/4/15 20:00,58
2/4/15 21:00,57.08
2/4/15 22:00,56.85
2/4/15 23:00,56
2/5/15 0:00,55.85
2/5/15 1:00,55.85
2/5/15 2:00,55.85
2/5/15 3:00,55.85
2/5/15 4:00,55.85
2/5/15 5:00,54.96
2/5/15 6:00,53.85
2/5/15 7:00,53.78
2/5/15 8:00,53.7
2/5/15 9:00,53.85
2/5/15 10:00,53.41
2/5/15 11:00,54.08
2/5/15 12:00,54.85
2/5/15 13:00,56
2/5/15 14:00,57.4
2/5/15 15:00,58.66
2/5/15 16:00,60.4
2/5/15 17:00,60.4
2/5/15 18:00,59.55
2/5/15 19:00,59.77
2/5/15 20:00,60.03
2/5/15 21:00,59.71
2/5/15 22:00,59.63
2/5/15 23:00,59.37
2/6/15 0:00,59.71
2/6/15 1:00,60
2/6/15 2:00,60
2/6/15 3:00,59.48
2/6/15 4:00,59.22
2/6/15 5:00,60.37
2/6/15 6:00,60.48
2/6/15 7:00,60.37
2/6/15 8:00,60.9
2/6/15 9:00,62.26
2/6/15 10:00,61.19
2/6/15 11:00,61.75
2/6/15 12:00,61.77
2/6/15 13:00,61.14
2/6/15 14:00,59.85
2/6/15 15:00,58.92
2/6/15 16:00,59.14
2/6/15 17:00,59.63
2/6/15 18:00,60.74
2/6/15 19:00,60.77
2/6/15 20:00,59.63
2/6/15 21:00,59.63
2/6/15 22:00,59.85
2/6/15 23:00,60
2/7/15 0:00,59.85
2/7/15 1:00,61.25
2/7/15 2:00,62.56
2/7/15 3:00,62.52
2/7/15 4:00,62.63
2/7/15 5:00,62.63
2/7/15 6:00,62.37
2/7/15 7:00,61.4
2/7/15 8:00,61.33
2/7/15 9:00,60.48
2/7/15 10:00,58.93
2/7/15 11:00,59.93
2/7/15 12:00,60.4
2/7/15 13:00,61.63
2/7/15 14:00,61.77
2/7/15 15:00,62.8
2/7/15 16:00,62.54
2/7/15 17:00,61.37
2/7/15 18:00,62.53
2/7/15 19:00,62.4
2/7/15 20:00,61.77
2/7/15 21:00,61.14
2/7/15 22:00,60.37
2/7/15 23:00,60.78
2/8/15 0:00,61.18
2/8/15 1:00,59.33
2/8/15 2:00,59.41
2/8/15 3:00,58.74
2/8/15 4:00,58.74
2/8/15 5:00,57.71
2/8/15 6:00,57.41
2/8/15 7:00,58.41
2/8/15 8:00,59.45
2/8/15 9:00,59
2/8/15 10:00,58.22
2/8/15 11:00,59.63
2/8/15 12:00,58.22
2/8/15 13:00,59
2/8/15 14:00,60.37
2/8/15 15:00,60.37
2/8/15 16:00,60.52
2/8/15 17:00,61.75
2/8/15 18:00,62.63
2/8/15 19:00,62.63
2/8/15 20:00,63.14
2/8/15 21:00,63
2/8/15 22:00,62
2/8/15 23:00,62.63
2/9/15 0:00,62.6
2/9/15 1:00,60.92
2/9/15 2:00,60.85
2/9/15 3:00,59.85
2/9/15 4:00,59.63
2/9/15 5:00,59.85
2/9/15 6:00,60.22
2/9/15 7:00,59.85
2/9/15 8:00,59.37
2/9/15 9:00,58.85
2/9/15 10:00,58.37
2/9/15 11:00,58.71
2/9/15 12:00,59.4
2/9/15 13:00,60.15
2/9/15 14:00,61.07
2/9/15 15:00,60.59
2/9/15 16:00,60.81
2/9/15 17:00,60.64
2/9/15 18:00,61.16
2/9/15 19:00,60.79
2/9/15 20:00,60.26
2/9/15 21:00,59.22
2/9/15 22:00,57.6
2/9/15 23:00,56.85
2/10/15 0:00,56.56
2/10/15 1:00,55.71
2/10/15 2:00,54.96
2/10/15 3:00,54
2/10/15 4:00,52.92
2/10/15 5:00,52.62
2/10/15 6:00,52.22
2/10/15 7:00,52.22
2/10/15 8:00,50.85
2/10/15 9:00,50.4
2/10/15 10:00,49.62
2/10/15 11:00,51.52
2/10/15 12:00,53.45
2/10/15 13:00,54.82
2/10/15 14:00,56.57
2/10/15 15:00,58.09
2/10/15 16:00,59.49
2/10/15 17:00,60.31
2/10/15 18:00,60.71
2/10/15 19:00,61.69
2/10/15 20:00,59.26
2/10/15 21:00,58.82
2/10/15 22:00,58.08
2/10/15 23:00,56.63
2/11/15 0:00,56.26
2/11/15 1:00,55.41
2/11/15 2:00,54.22
2/11/15 3:00,52.81
2/11/15 4:00,53.15
2/11/15 5:00,52.37
2/11/15 6:00,52.29
2/11/15 7:00,51.22
2/11/15 8:00,50.45
2/11/15 9:00,50.67
2/11/15 10:00,49.51
2/11/15 11:00,51.37
2/11/15 12:00,53.23
2/11/15 13:00,54.75
2/11/15 14:00,56.37
2/11/15 15:00,57.75
2/11/15 16:00,62.45
2/11/15 17:00,65.16
2/11/15 18:00,64.93
2/11/15 19:00,66.47
2/11/15 20:00,63.86
2/11/15 21:00,63.56
2/11/15 22:00,61.02
2/11/15 23:00,60.38
2/12/15 0:00,58.67
2/12/15 1:00,58.45
2/12/15 2:00,57.33
2/12/15 3:00,56.71
2/12/15 4:00,56.41
2/12/15 5:00,55.15
2/12/15 6:00,54.89
2/12/15 7:00,54.96
2/12/15 8:00,53.92
2/12/15 9:00,53.7
2/12/15 10:00,54.12
2/12/15 11:00,55.49
2/12/15 12:00,57.44
2/12/15 13:00,58.88
2/12/15 14:00,58.66
2/12/15 15:00,60.55
2/12/15 16:00,61.89
2/12/15 17:00,64.17
2/12/15 18:00,64.75
2/12/15 19:00,68.26
2/12/15 20:00,66.84
2/12/15 21:00,64.2
2/12/15 22:00,62.54
2/12/15 23:00,61.45
2/13/15 0:00,61.34
2/13/15 1:00,59.82
2/13/15 2:00,58.16
2/13/15 3:00,57.71
2/13/15 4:00,56.12
2/13/15 5:00,56.26
2/13/15 6:00,54.59
2/13/15 7:00,53.55
2/13/15 8:00,53.96
2/13/15 9:00,52.45
2/13/15 10:00,53.69
2/13/15 11:00,55.23
2/13/15 12:00,57.12
2/13/15 13:00,58.72
2/13/15 14:00,60.46
2/13/15 15:00,62.65
2/13/15 16:00,63.35
2/13/15 17:00,64.9
2/13/15 18:00,67.32
2/13/15 19:00,68.22
2/13/15 20:00,67.32
2/13/15 21:00,65.16
2/13/15 22:00,63
2/13/15 23:00,61
2/14/15 0:00,60
2/14/15 1:00,61.41
2/14/15 2:00,59
2/14/15 3:00,59.43
2/14/15 4:00,58.3
2/14/15 5:00,57.74
2/14/15 6:00,57.34
2/14/15 7:00,52
2/14/15 8:00,55.36
2/14/15 9:00,54.52
2/14/15 10:00,54
2/14/15 11:00,54.07
2/14/15 12:00,58
2/14/15 13:00,60
2/14/15 14:00,61.61
2/14/15 15:00,65
2/14/15 16:00,66.29
2/14/15 17:00,67.26
2/14/15 18:00,69.07
2/14/15 19:00,70
2/14/15 20:00,69.21
2/14/15 21:00,66
2/14/15 22:00,64.94
2/14/15 23:00,61
2/15/15 0:00,63.16
2/15/15 1:00,60.38
2/15/15 2:00,54
2/15/15 3:00,57.37
2/15/15 4:00,53
2/15/15 5:00,56.45
2/15/15 6:00,55
2/15/15 7:00,48
2/15/15 8:00,54.19
2/15/15 9:00,53.28
2/15/15 10:00,45
2/15/15 11:00,49
2/15/15 12:00,58
2/15/15 13:00,58.49
2/15/15 14:00,61
2/15/15 15:00,64
2/15/15 16:00,64.68
2/15/15 17:00,64.22
2/15/15 18:00,68.12
2/15/15 19:00,69.55
2/15/15 20:00,69.21
2/15/15 21:00,67.39
2/15/15 22:00,65.23
2/15/15 23:00,63.94
2/16/15 0:00,61.98
2/16/15 1:00,60.23
2/16/15 2:00,59.94
2/16/15 3:00,58.97
2/16/15 4:00,57.08
2/16/15 5:00,56.52
2/16/15 6:00,55.45
2/16/15 7:00,54.77
2/16/15 8:00,54.6
2/16/15 9:00,53.59
2/16/15 10:00,53.62
2/16/15 11:00,55.49
2/16/15 12:00,57.49
2/16/15 13:00,59.61
2/16/15 14:00,61.26
2/16/15 15:00,64.18
2/16/15 16:00,65.54
2/16/15 17:00,65.89
2/16/15 18:00,64.66
2/16/15 19:00,63.02
2/16/15 20:00,60.01
2/16/15 21:00,57.12
2/16/15 22:00,55.6
2/16/15 23:00,55.37
2/17/15 0:00,54.85
2/17/15 1:00,54.75
2/17/15 2:00,54.85
2/17/15 3:00,54.85
2/17/15 4:00,54.77
2/17/15 5:00,54.37
2/17/15 6:00,54
2/17/15 7:00,53.77
2/17/15 8:00,53.25
2/17/15 9:00,53.63
2/17/15 10:00,53.85
2/17/15 11:00,54
2/17/15 12:00,54.25
2/17/15 13:00,55
2/17/15 14:00,55
2/17/15 15:00,55
2/17/15 16:00,55.37
2/17/15 17:00,56.15
2/17/15 18:00,56.37
2/17/15 19:00,56.4
2/17/15 20:00,56.15
2/17/15 21:00,56
2/17/15 22:00,56
2/17/15 23:00,55.52
2/18/15 0:00,55
2/18/15 1:00,55
2/18/15 2:00,54.85
2/18/15 3:00,54.6
2/18/15 4:00,54.6
2/18/15 5:00,54.23
2/18/15 6:00,54.23
2/18/15 7:00,54.85
2/18/15 8:00,54.85
2/18/15 9:00,54.85
2/18/15 10:00,54.85
2/18/15 11:00,55
2/18/15 12:00,55.37
2/18/15 13:00,55.89
2/18/15 14:00,56.96
2/18/15 15:00,57.94
2/18/15 16:00,57.79
2/18/15 17:00,59.01
2/18/15 18:00,60.24
2/18/15 19:00,61.35
2/18/15 20:00,60.52
2/18/15 21:00,58.37
2/18/15 22:00,57.85
2/18/15 23:00,57.22
2/19/15 0:00,56.71
2/19/15 1:00,56.3
2/19/15 2:00,55.41
2/19/15 3:00,54.64
2/19/15 4:00,55.18
2/19/15 5:00,54
2/19/15 6:00,55.52
2/19/15 7:00,55
2/19/15 8:00,54.75
2/19/15 9:00,54.75
2/19/15 10:00,54.75
2/19/15 11:00,55
2/19/15 12:00,55
2/19/15 13:00,55.63
2/19/15 14:00,55.75
2/19/15 15:00,56.26
2/19/15 16:00,57.86
2/19/15 17:00,58.15
2/19/15 18:00,59.49
2/19/15 19:00,59.98
2/19/15 20:00,60.43
2/19/15 21:00,56.86
2/19/15 22:00,55.6
2/19/15 23:00,55.85
2/20/15 0:00,55.52
2/20/15 1:00,55
2/20/15 2:00,55
2/20/15 3:00,54.6
2/20/15 4:00,54.15
2/20/15 5:00,54
2/20/15 6:00,54
2/20/15 7:00,54
2/20/15 8:00,54
2/20/15 9:00,54
2/20/15 10:00,53.85
2/20/15 11:00,54
2/20/15 12:00,55
2/20/15 13:00,55.92
2/20/15 14:00,56.84
2/20/15 15:00,58
2/20/15 16:00,60
2/20/15 17:00,63
2/20/15 18:00,64
2/20/15 19:00,65
2/20/15 20:00,65
2/20/15 21:00,62
2/20/15 22:00,59
2/20/15 23:00,57
2/21/15 0:00,53
2/21/15 1:00,54
2/21/15 2:00,53
2/21/15 3:00,50
2/21/15 4:00,50
2/21/15 5:00,49
2/21/15 6:00,49
2/21/15 7:00,47
2/21/15 8:00,47
2/21/15 9:00,47
2/21/15 10:00,48
2/21/15 11:00,52
2/21/15 12:00,59
2/21/15 13:00,59
2/21/15 14:00,58
2/21/15 15:00,61
2/21/15 16:00,62
2/21/15 17:00,65
2/21/15 18:00,63
2/21/15 19:00,59.64
2/21/15 20:00,59.86
2/21/15 21:00,58.34
2/21/15 22:00,56.6
2/21/15 23:00,55.85
2/22/15 0:00,55.56
2/22/15 1:00,55.49
2/22/15 2:00,55.41
2/22/15 3:00,54.67
2/22/15 4:00,54.29
2/22/15 5:00,53.66
2/22/15 6:00,52.67
2/22/15 7:00,52.77
2/22/15 8:00,52.52
2/22/15 9:00,51.44
2/22/15 10:00,49.81
2/22/15 11:00,50.78
2/22/15 12:00,53.37
2/22/15 13:00,56.52
2/22/15 14:00,59.27
2/22/15 15:00,62.27
2/22/15 16:00,63.27
2/22/15 17:00,64.04
2/22/15 18:00,64.3
2/22/15 19:00,64.38
2/22/15 20:00,64.49
2/22/15 21:00,63.2
2/22/15 22:00,62.08
2/22/15 23:00,61.08
2/23/15 0:00,59.93
2/23/15 1:00,59.56
2/23/15 2:00,58.71
2/23/15 3:00,57.56
2/23/15 4:00,56.04
2/23/15 5:00,55.29
2/23/15 6:00,54.67
2/23/15 7:00,54.29
2/23/15 8:00,53.67
2/23/15 9:00,53.57
2/23/15 10:00,52.81
2/23/15 11:00,53.33
2/23/15 12:00,55
2/23/15 13:00,56.29
2/23/15 14:00,58.15
2/23/15 15:00,59.29
2/23/15 16:00,60.04
2/23/15 17:00,61.79
2/23/15 18:00,61.89
2/23/15 19:00,62.24
2/23/15 20:00,62.34
2/23/15 21:00,60.9
2/23/15 22:00,59.71
2/23/15 23:00,58.78
2/24/15 0:00,57.6
2/24/15 1:00,55.45
2/24/15 2:00,53.86
2/24/15 3:00,54.85
2/24/15 4:00,54.3
2/24/15 5:00,52.74
2/24/15 6:00,53.11
2/24/15 7:00,48.95
2/24/15 8:00,49.51
2/24/15 9:00,49.21
2/24/15 10:00,50.01
2/24/15 11:00,50.54
2/24/15 12:00,52.14
2/24/15 13:00,54.77
2/24/15 14:00,55.47
2/24/15 15:00,57.29
2/24/15 16:00,60.84
2/24/15 17:00,60.78
2/24/15 18:00,61.38
2/24/15 19:00,62.34
2/24/15 20:00,61.52
2/24/15 21:00,58.75
2/24/15 22:00,57.37
2/24/15 23:00,56.63
2/25/15 0:00,55.85
2/25/15 1:00,55.19
2/25/15 2:00,54.26
2/25/15 3:00,53.97
2/25/15 4:00,53.6
2/25/15 5:00,53.05
2/25/15 6:00,53.3
2/25/15 7:00,53.41
2/25/15 8:00,52.74
2/25/15 9:00,51.74
2/25/15 10:00,50.81
2/25/15 11:00,52.93
2/25/15 12:00,52.74
2/25/15 13:00,53.75
2/25/15 14:00,55.24
2/25/15 15:00,57.46
2/25/15 16:00,60.21
2/25/15 17:00,61.61
2/25/15 18:00,63.18
2/25/15 19:00,60.71
2/25/15 20:00,61.34
2/25/15 21:00,59
2/25/15 22:00,57.85
2/25/15 23:00,57.11
2/26/15 0:00,56.71
2/26/15 1:00,55.26
2/26/15 2:00,54.81
2/26/15 3:00,55.12
2/26/15 4:00,54.04
2/26/15 5:00,53.18
2/26/15 6:00,53.12
2/26/15 7:00,52.22
2/26/15 8:00,52.11
2/26/15 9:00,51.89
2/26/15 10:00,51.66
2/26/15 11:00,53.29
2/26/15 12:00,55.97
2/26/15 13:00,57.12
2/26/15 14:00,60.05
2/26/15 15:00,61.01
2/26/15 16:00,62.14
2/26/15 17:00,63.93
2/26/15 18:00,64.04
2/26/15 19:00,64.57
2/26/15 20:00,62.37
2/26/15 21:00,62.22
2/26/15 22:00,60.74
2/26/15 23:00,59.67
2/27/15 0:00,59.45
2/27/15 1:00,58.71
2/27/15 2:00,58.22
2/27/15 3:00,57.6
2/27/15 4:00,56.71
2/27/15 5:00,56.48
2/27/15 6:00,55.96
2/27/15 7:00,55.85
2/27/15 8:00,55.56
2/27/15 9:00,55.37
2/27/15 10:00,56.08
2/27/15 11:00,57.23
2/27/15 12:00,58.12
2/27/15 13:00,57.52
2/27/15 14:00,58.19
2/27/15 15:00,58.81
2/27/15 16:00,58.33
2/27/15 17:00,57.56
2/27/15 18:00,57.33
2/27/15 19:00,57.04
2/27/15 20:00,56.52
2/27/15 21:00,55
2/27/15 22:00,54.85
2/27/15 23:00,54.63
2/28/15 0:00,53.85